module_name,module_count
requests,106
numpy,104
scipy,76
six,68
tqdm,64
pyyaml,59
pillow,53
matplotlib,51
python-dateutil,47
pandas,43
pytest,40
lxml,38
opencv-python,36
urllib3,32
scikit-learn,32
cryptography,31
chardet,30
tensorflow,29
cython,29
jinja2,28
redis,28
click,27
flask,27
future,26
certifi,26
scikit-image,25
pytz,25
torch,25
mock,24
pyparsing,24
idna,23
sqlalchemy,23
beautifulsoup4,22
flake8,22
setuptools,22
attrs,22
coverage,21
torchvision,21
pyopenssl,19
django,19
pygments,18
psutil,18
cffi,18
ipython,18
keras,16
packaging,16
colorama,16
markdown,16
wheel,15
h5py,15
gunicorn,15
pyjwt,15
termcolor,15
pexpect,14
boto3,14
protobuf,14
werkzeug,14
html5lib,14
unidecode,14
tensorboard,14
celery,13
pycparser,13
isort,13
networkx,13
pytest-cov,13
sphinx,13
sklearn,12
numba,12
tox,12
bs4,11
nose,11
jsonschema,11
httplib2,11
requests-oauthlib,11
pylint,11
psycopg2-binary,11
black,11
markdown2,11
pymysql,11
enum34,11
twine,10
gevent,10
markupsafe,10
pymongo,10
decorator,10
wcwidth,10
tabulate,10
joblib,10
tensorboardx,10
importlib-metadata,10
pluggy,10
py,10
pytest-mock,9
absl-py,9
elasticsearch,9
ipaddress,9
itsdangerous,9
sqlparse,9
simplejson,9
tornado,9
amqp,9
kombu,9
babel,9
nltk,9
imageio,9
oauthlib,9
pyasn1,9
rsa,9
vine,9
pygithub,9
pbr,9
funcsigs,9
boto,8
pysocks,8
appdirs,8
pycryptodome,8
djangorestframework,8
easydict,8
zipp,8
greenlet,8
argparse,7
pyquery,7
billiard,7
grpcio,7
jmespath,7
sentencepiece,7
django-debug-toolbar,7
aiohttp,7
pathlib2,7
html2text,7
mako,7
bleach,7
mkdocs,6
botocore,6
dnspython,6
texttable,6
websocket-client,6
netaddr,6
soupsieve,6
flask-sqlalchemy,6
sentry-sdk,6
supervisor,6
tldextract,6
defusedxml,6
google-auth,6
prompt-toolkit,6
mccabe,6
keyring,6
visualdl,6
yacs,6
sphinx-rtd-theme,6
dill,6
configparser,6
autoflake,6
hypothesis,6
more-itertools,6
toml,6
pyflakes,6
librosa,6
gitpython,6
cloudscraper,6
tzlocal,6
typing,6
python-slugify,6
mkdocs-material,5
cachetools,5
paramiko,5
python-dotenv,5
flask-login,5
blinker,5
xlrd,5
cssselect,5
fire,5
regex,5
apscheduler,5
shapely,5
django-filter,5
django-mptt,5
faker,5
typing-extensions,5
webencodings,5
transformers,5
colorlog,5
cookiecutter,5
twilio,5
pycocotools,5
mypy,5
alembic,5
docutils,5
imagesize,5
tenacity,5
python3-openid,5
social-auth-app-django,5
social-auth-core,5
mysqlclient,5
pyaml,5
tensorflow-gpu,5
futures,5
validators,5
statsmodels,4
sympy,4
selenium,4
docopt,4
jsonpatch,4
xmltodict,4
cached-property,4
terminaltables,4
pathlib,4
flask-restful,4
flask-migrate,4
aniso8601,4
statsd,4
pycrypto,4
pycurl,4
dominate,4
feedparser,4
asgiref,4
django-js-asset,4
django-redis,4
freezegun,4
graphql-core,4
openpyxl,4
python-magic,4
s3transfer,4
text-unidecode,4
thrift,4
lazy-object-proxy,4
wrapt,4
asn1crypto,4
sh,4
pefile,4
django-cors-headers,4
seaborn,4
pycodestyle,4
pyopengl,4
theano,4
bcrypt,4
pytest-django,4
pickleshare,4
ptyprocess,4
uritemplate,4
arrow,4
astor,4
gast,4
responses,4
google-api-python-client,4
loguru,4
lap,4
pip,4
uwsgi,4
xgboost,3
pydot,3
dlib,3
pyreadline,3
mistune,3
pympler,3
python-coveralls,3
jupyter,3
docker,3
gym,3
pyrsistent,3
wtforms,3
flask-mail,3
flask-wtf,3
passlib,3
psycopg2,3
sqlalchemy-utils,3
rq,3
maxminddb-geolite2,3
pika,3
backports.functools-lru-cache,3
cycler,3
prettytable,3
braintree,3
dj-database-url,3
django-countries,3
google-api-core,3
google-cloud-storage,3
googleapis-common-protos,3
maxminddb,3
pyasn1-modules,3
python-json-logger,3
astroid,3
pywavelets,3
pyzmq,3
httpx,3
macholib,3
whitenoise,3
waitress,3
frida,3
altgraph,3
pywin32-ctypes,3
django-prometheus,3
blist,3
croniter,3
jira,3
pydocstyle,3
pytest-asyncio,3
trustme,3
pytest-xdist,3
eventlet,3
ldap3,3
async_generator,3
entrypoints,3
traitlets,3
filelock,3
virtualenv,3
opencv-contrib-python,3
munkres,3
spacy,3
jsonpickle,3
flask-script,3
marshmallow,3
bottle,3
iso8601,3
pastedeploy,3
zope.interface,3
jieba,3
pep8,3
backoff,3
django-ipware,3
wsgiref,3
pynacl,3
hiredis,3
codecov,3
toposort,3
elasticsearch-dsl,3
twisted,3
pyqt5,3
backports.weakref,3
evernote,3
cjkwrap,3
curtsies,3
beekeeper,3
bencode.py,3
cachecontrol,3
configobj,3
js2py,3
jsonrpclib-pelix,3
kodipydent,3
python-twitter,3
rarfile,3
subliminal,3
tmdbsimple,3
tvdbsimple,3
enzyme,3
python3-fanart,3
gntp,3
pymediainfo,3
tus.py,3
win-inet-pton,3
pynma,3
putio.py,3
profilehooks,3
win_inet_pton,3
send2trash,3
deluge-client,3
ifaddr,3
pyaes,3
new-rtorrent-python,3
qbittorrent-api,3
timeago,3
guessit,3
imdbpy,3
ariadne,3
django-htmlmin,3
django-simple-sso,3
fastdiff,3
snapshottest,3
starlette,3
wasmer,3
webservices,3
recommonmark,3
rstcheck,3
environs,3
retrying,3
bokeh,3
ipdb,3
typeguard,3
tensorlayer,3
furl,3
requests-file,3
pypandoc,2
colour,2
pycairo,2
pydub,2
aws-sam-translator,2
jsondiff,2
localstack-ext,2
nose-timer,2
fuzzywuzzy,2
langdetect,2
python-levenshtein,2
distro,2
pywin32,2
ansible,2
imgaug,2
cymem,2
preshed,2
blis,2
murmurhash,2
wasabi,2
srsly,2
catalogue,2
plac,2
flask-talisman,2
restrictedpython,2
xlsxwriter,2
pyclipper,2
olefile,2
scikit_learn,2
geoip2,2
geopy,2
pycountry,2
click-didyoumean,2
click-repl,2
django-appconf,2
google-cloud-pubsub,2
grpc-google-iam-v1,2
razorpay,2
stripe,2
uvicorn,2
websockets,2
kiwisolver,2
typed-ast,2
gensim,2
hyperopt,2
dask,2
tld,2
configargparse,2
lmdb,2
flask-babel,2
pdfkit,2
binaryornot,2
flake8-isort,2
pytest-cookies,2
pytest-instafail,2
pyinstaller-hooks-contrib,2
googlemaps,2
django-tables2,2
django-timezone-field,2
aws-requests-auth,2
envparse,2
exotel,2
prison,2
py-zabbix,2
pystaticconfiguration,2
stomp.py,2
thop,2
bandit,2
coveralls,2
pre-commit,2
ordereddict,2
dbutils,2
pymssql,2
secretstorage,2
alabaster,2
snowballstemmer,2
sphinxcontrib-applehelp,2
sphinxcontrib-devhelp,2
sphinxcontrib-htmlhelp,2
sphinxcontrib-jsmath,2
sphinxcontrib-qthelp,2
sphinxcontrib-serializinghtml,2
django-crispy-forms,2
django-import-export,2
oauth2client,2
flask-marshmallow,2
ipaddr,2
policyuniverse,2
jsonpointer,2
python-memcached,2
raven,2
pygraphviz,2
nbformat,2
slidingwindow,2
web.py,2
aioch,2
celery-redbeat,2
clickhouse-driver,2
clickhouse-pool,2
cssutils,2
django-axes,2
django-deprecate-fields,2
django-extensions,2
django-loginas,2
django-statsd,2
djangorestframework-csv,2
drf-exceptions-hog,2
drf-extensions,2
infi.clickhouse-orm,2
kafka-helper,2
kafka-python,2
lzstring,2
monotonic,2
parso,2
posthoganalytics,2
python-statsd,2
toronado,2
unicodecsv,2
bumpversion,2
portray,2
nylas-production-python,2
gevent-socketio,2
setproctitle,2
gdata,2
flanker,2
iconv,2
flake8-pep3101,2
faulthandler,2
pyinstrument,2
icalendar,2
msgpack-python,2
guppy,2
mockredispy,2
lunatic-python-bugfix,2
vobject,2
gevent_openssl,2
backports.ssl,2
imapclient,2
nylas,2
logger,2
wsproto,2
iniconfig,2
mxnet-cu80,2
django-markwhat,2
anyconfig,2
fsspec,2
jupyter_client,2
pip-tools,2
frida-tools,2
prompt_toolkit,2
delegator.py,2
litecli,2
access_points,2
whoosh,2
treq,2
python-editor,2
altair,2
flask-restx,2
pydantic,2
pyqt5-sip,2
mysql-replication,2
actdiag,2
blockdiag,2
livereload,2
nwdiag,2
seqdiag,2
sphinx-reload,2
sphinxcontrib-actdiag,2
sphinxcontrib-blockdiag,2
sphinxcontrib-nwdiag,2
sphinxcontrib-seqdiag,2
google-auth-httplib2,2
ndg-httpsclient,2
duo-client,2
logbook,2
stevedore,2
appnope,2
backports.shutil-get-terminal-size,2
ipython-genutils,2
scandir,2
simplegeneric,2
lockfile,2
china-dictatorship,2
cython-bbox,2
progress,2
motmetrics,2
cprint,2
commonmark,2
dictdiffer,2
netifaces,2
xattr,2
pyeclib,2
dm-env,2
dm-tree,2
glfw,2
labmaze,2
nose-xunitmp,2
django-anymail,2
django-simpleui,2
python-alipay-sdk,2
short-url,2
tomd,2
pendulum,2
cvxpy,2
pot,2
dash,2
dash-cytoscape,2
dash-bootstrap-components,2
jupyter-dash,2
tflearn,2
layer,2
pyaudio,2
wave,2
python_speech_features,2
libtorrent,2
python-dnspython,2
humanfriendly,2
doit,2
yapsy,2
pyrss2gen,2
natsort,2
piexif,2
python-jose,2
slackclient,2
filterpy,2
scikit_image,2
requests-toolbelt,2
fake_useragent,1
qiskit,1
scikit-fuzzy,1
pytest-benchmark,1
pytest-docker-pexpect,1
keras_preprocessing,1
tf-nightly-gpu,1
portpicker,1
face_recognition_models,1
progressbar,1
wrapcache,1
ntplib,1
fake-useragent,1
airspeed,1
amazon_kclpy-ext,1
awscli,1
cbor2,1
crontab,1
flake8-quotes,1
flask-cors,1
flask_swagger,1
forbiddenfruit,1
jsonpath-rw,1
localstack-client,1
moto-ext,1
quart,1
requests-aws4auth,1
sasl,1
dateutils,1
colored,1
polyglot,1
pyicu,1
pycld2,1
backports.shutil_get_terminal_size,1
docker-pycreds,1
dockerpty,1
requests-futures,1
stem,1
torrequest,1
cvxopt,1
progressbar33,1
thinc,1
pytest-timeout,1
flask-oauthlib,1
flask-limiter,1
sqlalchemy-searchable,1
rq-scheduler,1
pysaml2,1
funcy,1
semver,1
pystache,1
parsedatetime,1
ua-parser,1
user-agents,1
pypd,1
disposable-email-domains,1
sshtunnel,1
supervisor_checks,1
mysql-connector-python,1
u-msgpack-python,1
redis-py-cluster,1
tblib,1
booleanoperations,1
brotli,1
cattrs,1
cffsubr,1
compreffor,1
cu2qu,1
fontmake,1
fontmath,1
fonttools,1
fs,1
glyphslib,1
psautohint,1
skia-pathops,1
statmake,1
ufo2ft,1
ufolib2,1
unicodedata2,1
vttlib,1
zopfli,1
visdom,1
cyrtranslit,1
astral,1
timezonefinder,1
pyte,1
diagram,1
pyjq,1
pylru,1
emoji,1
grapheme,1
mathparse,1
feedfinder2,1
jieba3k,1
pythainlp,1
tinysegmenter,1
opencv-python-headless,1
beautfulsoup4,1
adyen,1
cairocffi,1
cairosvg,1
click-plugins,1
cssselect2,1
dj-email-url,1
django-cache-url,1
django-measurement,1
django-phonenumber-field,1
django-prices-openexchangerates,1
django-prices-vatlayer,1
django-prices,1
django-render-block,1
django-storages,1
django-templated-email,1
django-versatileimagefield,1
draftjs-sanitizer,1
enmerkar,1
et-xmlfile,1
google-cloud-core,1
google-crc32c,1
google-i18n-address,1
google-measurement-protocol,1
google-resumable-media,1
graphene-django,1
graphene-federation,1
graphene,1
graphql-relay,1
h11,1
html-to-draftjs,1
httptools,1
jaeger-client,1
jdcal,1
jsonfield,1
libcst,1
measurement,1
mpmath,1
mypy-extensions,1
opentracing,1
petl,1
phonenumberslite,1
prices,1
promise,1
proto-plus,1
purl,1
pyphen,1
python-magic-bin,1
pytimeparse,1
rx,1
singledispatch,1
threadloop,1
tinycss2,1
typing-inspect,1
uvloop,1
watchgod,1
weasyprint,1
segtok,1
mpld3,1
sqlitedict,1
deprecated,1
bpemb,1
ftfy,1
konoha,1
janome,1
gdown,1
python-bidi,1
cloudpickle,1
pygit,1
toolz,1
face-alignment,1
pyfakewebcam,1
msgpack-numpy,1
parameterized,1
reindent,1
setuptools_scm,1
bashlex,1
pysnmp,1
cachelib,1
keep,1
selenium-wire,1
imagehash,1
chromedriver-autoinstaller,1
beautifultable,1
ninja,1
check-manifest,1
pyroma,1
sphinx-issues,1
sphinx-removed-in,1
httpie,1
parsimonious,1
androguard,1
biplist,1
google-play-scraper,1
shelljob,1
oscrypto,1
ip2location,1
lief,1
http-tools,1
libsast,1
apkid,1
deap,1
imbalanced-learn,1
update-checker,1
stopit,1
munch,1
frappe,1
gocardless-pro,1
plaid-python,1
python-stdnum,1
python-youtube,1
taxjar,1
tweepy,1
woocommerce,1
django-cacheops,1
django-pglocks,1
django-rq,1
django-taggit,1
drf-yasg,1
svgwrite,1
urllib2,1
pyminizip,1
httpretty,1
flask-sslify,1
flask-testing,1
flask-seasurf,1
dateparser,1
trimesh,1
ffmpeg,1
brotlipy,1
mkautodoc,1
flake8-bugbear,1
flake8-pie,1
pytest-trio,1
trio,1
trio-typing,1
setuptools-scm,1
asteval,1
unittest2,1
validictory,1
pyproj,1
nupic.bindings,1
flask-session,1
flask-socketio,1
flask_socketio,1
flask_cors,1
python-engineio,1
python-socketio,1
fairseq,1
iopath,1
onnx,1
pytorch-pretrained-bert,1
opacus,1
torchtext,1
adblock,1
importlib-resources,1
pypeg2,1
impacket,1
qrcode,1
pycryptodomex,1
ldapdomaindump,1
certipy,1
jupyter_telemetry,1
pamela,1
prometheus_client,1
msgpack,1
patsy,1
atomicwrites,1
flower,1
django-suit,1
noteshrink,1
image,1
django-reversion,1
django-formtools,1
mss,1
pywinauto,1
pytest-doctestplus,1
pynndescent,1
tbb,1
pymdown-extensions,1
typer,1
mkdocs-minify-plugin,1
dbus-python,1
evdev,1
jeepney,1
pygobject,1
google_api_python_client,1
flask-cli,1
flask-babelex,1
flask-principal,1
flask-security,1
cloudaux,1
deepdiff,1
dpath,1
python-openstackclient,1
swag-client,1
email-validator,1
mkdocs-cinder,1
bottle-websocket,1
gevent-websocket,1
whichcraft,1
colander,1
cornice,1
cornice-swagger,1
dockerflow,1
hupper,1
logging-color-formatter,1
newrelic,1
plaster,1
plaster-pastedeploy,1
pyramid,1
pyramid-mailer,1
pyramid-multiauth,1
pyramid-tm,1
repoze.lru,1
transaction,1
translationstring,1
ujson,1
venusian,1
webob,1
zope.deprecation,1
zope.sqlalchemy,1
combo,1
suod,1
soundfile,1
mpi4py,1
pyopencl,1
drawsvg,1
hyperbolic,1
pyglet,1
taichi,1
pcapy,1
ansiwrap,1
nbclient,1
posix_ipc,1
py-cpuinfo,1
pandoc,1
mahotas,1
multitasking,1
python-mimeparse,1
humanize,1
schema,1
m3u8,1
pytorch,1
opencv3,1
tb-nightly,1
thulac,1
flake8_docstrings,1
django-autoslug,1
django-compressor,1
django-haystack,1
django-mdeditor,1
django-uuslug,1
python-logstash,1
rcssmin,1
rjsmin,1
werobot,1
pyasn1_modules,1
service_identity,1
tftpy,1
flask-bootstrap,1
flask-httpauth,1
flask-moment,1
guess_language-spirit,1
visitor,1
ipywidgets,1
ruamel.yaml,1
cmarkgfm,1
dataset,1
flask-caching,1
marshmallow-sqlalchemy,1
python-geoacumen,1
zope.event,1
mindsdb_native,1
python-multipart,1
moz-sql-parser,1
pg8000,1
python-tds,1
yarg,1
cli-helpers,1
coala-utils-0.7.0,1
dependency-management-0.5.0.dev0,1
pyprint,1
unidiff,1
keras-applications,1
keras-preprocessing,1
tensorflow-probability,1
mmcv,1
lazy_import,1
bleach-whitelist,1
dropbox,1
email-reply-parser,1
gitdb2,1
git-url-parse,1
google-auth-oauthlib,1
num2words,1
premailer,1
pyngrok,1
pyotp,1
pypdf2,1
pypng,1
pyqrcode,1
rauth,1
schedule,1
semantic-version,1
simple-chalk,1
unittest-xml-reporting,1
watchdog,1
zxcvbn-python,1
paytmchecksum,1
fpdf,1
bintrees,1
doc8,1
gj,1
pyannote-banyan,1
skiplistcollections,1
treap,1
pyqtwebengine,1
plotly,1
dacite,1
tensorflowjs,1
textblob,1
keras-tuner,1
jellyfish,1
autocorrect,1
prince,1
download,1
streamlit,1
automat,1
constantly,1
hyperlink,1
incremental,1
klein,1
ntlm-auth,1
pytest-logbook,1
requests-ntlm,1
service-identity,1
txretry,1
txwebretry,1
validate-email,1
gmpy,1
gmpy2,1
annoy,1
pygame,1
kubernetes,1
minio,1
justext,1
discord.py,1
youtube_dl,1
json_tricks,1
ml_datasets,1
dataclasses,1
typing_extensions,1
contextvars,1
ipykernel,1
nbconvert,1
zeroconf,1
casttube,1
async-timeout,1
multidict,1
pyexecjs,1
yarl,1
flask-compress,1
logparser,1
w3lib,1
configlib,1
hjson,1
ipwhois,1
mozdef-client,1
mozdef-util,1
pynsive,1
requests-jwt,1
python_dateutil,1
anyjson,1
easytrader,1
easyquotation,1
tushare,1
django-ace,1
django-celery-beat,1
django-login-required-middleware,1
django-mathfilters,1
djangorestframework-datatables,1
exrex,1
python-crontab,1
treelib,1
aliyun-python-sdk-core,1
aliyun-python-sdk-actiontrail,1
autopep8,1
boxsdk,1
cbapi,1
jsonlines,1
moto,1
pyfakefs,1
pymsteams,1
yapf,1
aliyun-python-sdk-core-v3,1
attrdict,1
aws-xray-sdk,1
cfn-lint,1
ecdsa,1
gitdb,1
junit-xml,1
smmap,1
solrq,1
sshpubkeys,1
chartpy,1
finmarketpy,1
findatapy,1
django-braces,1
django-environ,1
falcon,1
inflect,1
baidu-aip,1
pyinstaller,1
asyncio,1
urwid,1
pyperclip,1
urwid_readline,1
django-apscheduler,1
scrapy,1
scrapy-redis,1
scrapy-splash,1
python-scrapyd-api,1
websocket,1
pyppeteer,1
aiohttp-jinja2,1
aiohttp_session,1
aiohttp-security,1
sphinx_rtd_theme,1
dirhash,1
donut-shellcode,1
marshmallow-enum,1
reportlab,1
svglib,1
discid,1
mutagen,1
pyobjc-core,1
pyobjc-framework-cocoa,1
atari-py,1
roboschool,1
torchmeta,1
contextlib2,1
audiogrep,1
moviepy,1
keras-transformer,1
threadpool,1
records,1
pyecharts,1
pyecharts-snapshot,1
